Time (%),Total Time (ns),Num Calls,Avg (ns),Med (ns),Min (ns),Max (ns),StdDev (ns),Name
57.8,475883352,3072,154909.9,149560.0,2340,238300,27484.7,cudaEventSynchronize
20.2,166062217,81856,2028.7,1880.0,1550,42220,553.6,cudaLaunchKernelExC_v11060
13.7,113066002,53624,2108.5,1920.0,1630,46530,631.0,cudaLaunchKernel
4.1,34124174,128,266595.1,255344.5,1680,570600,264478.9,cudaStreamSynchronize
2.8,23374315,9536,2451.2,2260.0,1350,270760,2932.9,cudaMemcpyAsync
0.8,6192549,64,96758.6,96385.0,78850,124190,9908.3,cudaMemcpy
0.6,5308819,3072,1728.1,1660.0,1060,29770,694.4,cudaEventRecord
0.0,24300,3,8100.0,6380.0,3450,14470,5707.8,cudaMalloc
0.0,3460,1,3460.0,3460.0,3460,3460,0.0,cuProfilerStart
