Time (%),Total Time (ns),Instances,Avg (ns),Med (ns),Min (ns),Max (ns),StdDev (ns),Name
16.0,381083323,24929,15286.7,15328.0,9280,20256,1020.5,"void flashrt::qwen4exp::<unnamed>::k_hc_up_mix2<(int)1, flashrt::qwen4exp::<unnamed>::WBf16, (int)5, (bool)0>(T2, const float *, int, float, const float *, float *, float *, int, float *, const float *, const float *)"
8.1,191760229,24672,7772.4,7744.0,7104,10272,260.7,"void flashrt::qwen4exp::<unnamed>::k_hc_down2<(int)1, flashrt::qwen4exp::<unnamed>::WQ8P>(const float *, const float *, T2, const unsigned short *, float *, float *, int, int, int, float, const float *, const float *, float *)"
7.9,187084237,12593,14856.2,11744.0,11008,24417,3993.3,"flashrt::q3r::<unnamed>::k_matvec(flashrt::q3r::<unnamed>::Planes, const float *, float *, long, long, int, int)"
6.9,163263893,12288,13286.4,1825.0,1792,4030499,68863.9,"flashrt::qwen4exp::<unnamed>::k_moe_combine_db(float *, const float *, const float *, const int *, unsigned char *, unsigned long, unsigned int, const float *, const float *, int, int, const int *, const int *)"
6.7,159451119,12288,12976.2,13248.0,768,14912,736.6,"flashrt::qwen4exp::<unnamed>::k_moe_gate_up(const unsigned char *const *, const int *, const float *, int, int, unsigned int *, float *, int *, int)"
6.5,154697247,4112,37620.9,8464.5,2368,487141,115257.6,"void mul_mat_vec_q<(ggml_type)13, (int)1, (bool)0, (bool)0, (bool)0>(const void *, const void *, const int *, ggml_cuda_mm_fusion_args_device, float *, unsigned int, uint3, unsigned int, unsigned int, unsigned int, uint3, unsigned int, unsigned int, unsigned int, uint3, unsigned int, unsigned int, unsigned int, unsigned int)"
4.7,111032883,3084,36002.9,36000.0,23136,38272,886.7,"void flashrt::qwen4exp::<unnamed>::k_attn_part<(int)12, flashrt::qwen4exp::<unnamed>::KvQ8Hot>(const float *, T2, int, int, int, float, const int *, const int *, int, int, float *, const int *)"
4.4,104104580,10023,10386.6,11008.0,2208,22048,7509.4,"void mul_mat_vec_q<(ggml_type)23, (int)1, (bool)0, (bool)1, (bool)0>(const void *, const void *, const int *, ggml_cuda_mm_fusion_args_device, float *, unsigned int, uint3, unsigned int, unsigned int, unsigned int, uint3, unsigned int, unsigned int, unsigned int, uint3, unsigned int, unsigned int, unsigned int, unsigned int)"
4.3,101617379,12288,8269.6,8448.0,1055,9600,652.0,"flashrt::qwen4exp::<unnamed>::k_moe_down(const unsigned char *const *, const int *, const unsigned int *, const float *, const int *, float *, int, int, int)"
3.9,93935058,24624,3814.8,4288.0,2208,6080,1059.1,"void flashrt::qwen4exp::<unnamed>::k_bf16_multi<(int)1>(flashrt::qwen4exp::<unnamed>::Bf16Segs, const float *, int, int)"
3.8,90029424,12288,7326.6,7072.0,6912,16064,569.1,"flashrt::qwen4exp::<unnamed>::k_route(const float *, const int *, int, int, const unsigned char *, unsigned long, const unsigned char **, float *, int *, const unsigned char *, unsigned long, int, float, int, int *, const float *, int, unsigned char *, unsigned long, unsigned int, const int *, int *)"
3.5,83761653,9766,8576.9,11137.0,2016,19936,5594.2,"void mul_mat_vec_q<(ggml_type)12, (int)1, (bool)0, (bool)0, (bool)0>(const void *, const void *, const int *, ggml_cuda_mm_fusion_args_device, float *, unsigned int, uint3, unsigned int, unsigned int, unsigned int, uint3, unsigned int, unsigned int, unsigned int, uint3, unsigned int, unsigned int, unsigned int, unsigned int)"
2.3,53762704,9252,5810.9,5824.0,5376,6400,160.0,"void flashrt::qwen4exp::<unnamed>::k_gdn_delta_reg<(int)128>(const float *, float *, float *, const float *, const float *, const float *, float *, int, int, int, int)"
2.1,49468619,3084,16040.4,16064.0,14721,16576,159.5,"flashrt::qwen4exp::<unnamed>::k_idx_select(const float *, int, int *, int *, int, int, int, int, int, const int *)"
2.0,46906075,4369,10736.1,10688.0,10336,12065,205.4,"void mul_mat_vec_q<(ggml_type)23, (int)1, (bool)0, (bool)0, (bool)0>(const void *, const void *, const int *, ggml_cuda_mm_fusion_args_device, float *, unsigned int, uint3, unsigned int, unsigned int, unsigned int, uint3, unsigned int, unsigned int, unsigned int, uint3, unsigned int, unsigned int, unsigned int, unsigned int)"
1.9,44786318,14906,3004.6,2112.0,1728,12928,2474.7,"void mul_mat_vec_q<(ggml_type)42, (int)1, (bool)0, (bool)1, (bool)0>(const void *, const void *, const int *, ggml_cuda_mm_fusion_args_device, float *, unsigned int, uint3, unsigned int, unsigned int, unsigned int, uint3, unsigned int, unsigned int, unsigned int, uint3, unsigned int, unsigned int, unsigned int, unsigned int)"
1.8,43906305,10537,4166.9,3424.0,2880,13984,2516.4,"void mul_mat_vec_q<(ggml_type)11, (int)1, (bool)0, (bool)0, (bool)0>(const void *, const void *, const int *, ggml_cuda_mm_fusion_args_device, float *, unsigned int, uint3, unsigned int, unsigned int, unsigned int, uint3, unsigned int, unsigned int, unsigned int, uint3, unsigned int, unsigned int, unsigned int, unsigned int)"
1.8,42896899,3084,13909.5,11809.0,1248,95680,9879.6,"flashrt::qwen4exp::<unnamed>::k_hot_copy(signed char *, signed char *, __half *, __half *, const signed char *, const signed char *, const __half *, const __half *, const int *, int, int)"
1.3,30017179,3084,9733.2,9904.0,2496,18304,6627.3,"void mul_mat_vec_q<(ggml_type)14, (int)1, (bool)0, (bool)0, (bool)0>(const void *, const void *, const int *, ggml_cuda_mm_fusion_args_device, float *, unsigned int, uint3, unsigned int, unsigned int, unsigned int, uint3, unsigned int, unsigned int, unsigned int, uint3, unsigned int, unsigned int, unsigned int, unsigned int)"
1.2,28172688,9252,3045.0,3040.0,2784,3968,131.7,"flashrt::qwen4exp::<unnamed>::k_gdn_conv(const float *, float *, const float *, float *, int, int, int, int, float)"
1.1,26423524,25025,1055.9,1024.0,832,2240,104.2,"quantize_q8_1(const float *, void *, long, long, long, long, long, unsigned int, uint3)"
0.9,21085834,3084,6837.2,6816.0,6240,7712,189.5,"flashrt::qwen4exp::<unnamed>::k_idx_scores128(const float *, const float *, float *, int, int, int, int, const int *)"
0.9,20379522,12336,1652.0,1600.0,1568,9921,448.4,"flashrt::qwen4exp::<unnamed>::k_hc_combine(float *, const float *, const float *, int, int, int)"
0.9,20290231,257,78950.3,79040.0,77409,85953,844.7,"flashrt::qwen4exp::<unnamed>::k_argmax(const float *, int, int *)"
0.7,17171464,9252,1856.0,1984.0,1440,2432,243.5,"void flashrt::qwen4exp::<unnamed>::k_norm_rope<float>(const float *, int, int, const float *, T1 *, int, int, int, int, float, float, unsigned long, const int *)"
0.6,13718420,9252,1482.8,1472.0,1280,1952,66.7,"flashrt::gemv::<unnamed>::k_gated_rms_norm_q8_1(const float *, const float *, const float *, block_q8_1 *, int, int, float)"
0.6,13578888,3084,4403.0,4416.0,4224,4832,59.1,"flashrt::qwen4exp::<unnamed>::k_attn_combine(const float *, int, const float *, float *, int, int, int, int, int)"
0.5,12906781,3084,4185.1,4320.0,2592,8256,523.3,"flashrt::qwen4exp::<unnamed>::k_hot_select(int *, int *, unsigned char *, unsigned int *, int *, int *, const int *, const int *, int, int, int, const int *, int, int)"
0.5,12067476,12288,982.1,992.0,800,1504,56.6,"flashrt::gemv::<unnamed>::k_swiglu_q8_1(const float *, const float *, block_q8_1 *, long, long)"
0.4,9637141,4112,2343.7,2272.0,2176,3104,118.9,"void mul_mat_vec_q<(ggml_type)2, (int)1, (bool)0, (bool)1, (bool)0>(const void *, const void *, const int *, ggml_cuda_mm_fusion_args_device, float *, unsigned int, uint3, unsigned int, unsigned int, unsigned int, uint3, unsigned int, unsigned int, unsigned int, uint3, unsigned int, unsigned int, unsigned int, unsigned int)"
0.4,9264462,6168,1502.0,1472.0,1248,2016,128.5,"flashrt::qwen4exp::<unnamed>::k_quant_q8(const float *, signed char *, __half *, int, int, int, unsigned long, const int *, signed char *, __half *, const int *, int, int, signed char *, __half *)"
0.3,6311670,49,128809.6,99681.0,92769,186850,35269.6,"flashrt::q3r::<unnamed>::k_repack(const unsigned char *, flashrt::q3r::<unnamed>::Planes, long, long)"
0.2,4745220,1799,2637.7,2592.0,2464,3200,120.1,"void mul_mat_vec_q<(ggml_type)6, (int)1, (bool)0, (bool)1, (bool)0>(const void *, const void *, const int *, ggml_cuda_mm_fusion_args_device, float *, unsigned int, uint3, unsigned int, unsigned int, unsigned int, uint3, unsigned int, unsigned int, unsigned int, uint3, unsigned int, unsigned int, unsigned int, unsigned int)"
0.2,4699151,353,13312.0,16832.0,1728,18304,6092.7,"void mul_mat_vec_f<__nv_bfloat16, float, (int)1, (int)256, (bool)0, (bool)0>(const T1 *, const float *, const int *, ggml_cuda_mm_fusion_args_device, float *, int, uint3, int, int, int, uint3, int, int, int, uint3, int, int, int, int)"
0.2,4644804,771,6024.4,6016.0,5664,6368,132.3,"flashrt::qwen4exp::<unnamed>::k_grouped_rms_norm(const float *, const float *, float *, int, int, float)"
0.2,4347309,1799,2416.5,2368.0,2240,3168,114.0,"void mul_mat_vec_q<(ggml_type)20, (int)1, (bool)0, (bool)1, (bool)0>(const void *, const void *, const int *, ggml_cuda_mm_fusion_args_device, float *, unsigned int, uint3, unsigned int, unsigned int, unsigned int, uint3, unsigned int, unsigned int, unsigned int, uint3, unsigned int, unsigned int, unsigned int, unsigned int)"
0.2,3986691,3084,1292.7,704.0,672,3424,1002.3,"flashrt::qwen4exp::<unnamed>::k_idx_pool(const float *, const float *, const float *, float *, int, int, int, int, float, float, const int *)"
0.1,2890177,3084,937.2,928.0,896,1120,26.5,"flashrt::qwen4exp::<unnamed>::k_idx_ring(const float *, float *, int, int, int, int, const int *)"
0.1,2618681,257,10189.4,10176.0,9952,10912,132.7,"void flashrt::qwen4exp::<unnamed>::k_hc_down2<(int)1, flashrt::qwen4exp::<unnamed>::WBf16>(const float *, const float *, T2, const unsigned short *, float *, float *, int, int, int, float, const float *, const float *, float *)"
0.1,2060624,256,8049.3,7936.0,3872,13472,2719.2,"flashrt::qwen4exp::<unnamed>::k_embed_q3k(const unsigned char *, const int *, float *, int)"
0.1,1666923,514,3243.0,3296.0,3040,3712,128.5,"void mul_mat_vec_q<(ggml_type)8, (int)1, (bool)0, (bool)1, (bool)0>(const void *, const void *, const int *, ggml_cuda_mm_fusion_args_device, float *, unsigned int, uint3, unsigned int, unsigned int, unsigned int, uint3, unsigned int, unsigned int, unsigned int, uint3, unsigned int, unsigned int, unsigned int, unsigned int)"
0.1,1499795,96,15622.9,15456.0,15392,21024,604.4,"flashrt::qwen4exp::<unnamed>::k_bf16_to_q8p(const unsigned short *, signed char *, __half *, unsigned long)"
0.0,801572,257,3119.0,3136.0,2816,3584,154.5,"flashrt::qwen4exp::<unnamed>::k_ple_conv(float *, const float *, const float *, float *, const __half *, int, int, int, int)"
0.0,649093,257,2525.7,2464.0,2432,2784,84.4,"flashrt::qwen4exp::<unnamed>::k_ple_gate(const float *, const float *, float *, int)"
0.0,395682,253,1564.0,1568.0,896,2112,118.6,"flashrt::qwen4exp::<unnamed>::k_table_update(int *, flashrt::qwen4exp::<unnamed>::TableUpdates)"
0.0,302694,257,1177.8,1152.0,1056,1856,77.9,"void dequantize_block_iq4_nl<float>(const void *, T1 *)"
0.0,255745,257,995.1,1024.0,864,1216,90.1,"flashrt::qwen4exp::<unnamed>::k_ple_gated(const float *, const float *, float *, int, int, int)"
0.0,218625,257,850.7,832.0,800,1632,77.5,"flashrt::qwen4exp::<unnamed>::k_hc_init(const float *, float *, int, int)"
0.0,51296,48,1068.7,1056.0,1024,1088,17.1,"flashrt::qwen4exp::<unnamed>::k_add_gated(float *, const float *, const float *, const float *, int, int)"
0.0,50016,48,1042.0,1056.0,1024,1056,16.0,"flashrt::qwen4exp::<unnamed>::k_swiglu(float *, const float *, int)"
0.0,4224,1,4224.0,4224.0,4224,4224,0.0,"void dequantize_block_q3_K<float>(const void *, T1 *)"
